{
  "version": 1,
  "author": "Anonymous maker",
  "editor": "wokwi",
  "parts": [
    { "type": "wokwi-arduino-uno", "id": "uno", "top": 0, "left": 0, "attrs": {} },
    { "type": "wokwi-led", "id": "led1", "top": -109.2, "left": 23, "attrs": { "color": "red" } },
    {
      "type": "wokwi-led",
      "id": "led2",
      "top": -109.2,
      "left": 90.2,
      "attrs": { "color": "yellow" }
    },
    {
      "type": "wokwi-led",
      "id": "led3",
      "top": -109.2,
      "left": 147.8,
      "attrs": { "color": "limegreen" }
    },
    { "type": "wokwi-led", "id": "led4", "top": 6, "left": 359, "attrs": { "color": "red" } },
    {
      "type": "wokwi-led",
      "id": "led5",
      "top": 15.6,
      "left": -140.2,
      "attrs": { "color": "red" }
    },
    {
      "type": "wokwi-led",
      "id": "led7",
      "top": 82.8,
      "left": -140.2,
      "attrs": { "color": "yellow" }
    },
    {
      "type": "wokwi-led",
      "id": "led6",
      "top": 63.6,
      "left": 359,
      "attrs": { "color": "yellow" }
    },
    {
      "type": "wokwi-led",
      "id": "led8",
      "top": 130.8,
      "left": -140.2,
      "attrs": { "color": "limegreen" }
    },
    {
      "type": "wokwi-led",
      "id": "led9",
      "top": 121.2,
      "left": 359,
      "attrs": { "color": "limegreen" }
    }
  ],
  "connections": [
    [ "led1:A", "uno:2", "green", [ "v0" ] ],
    [ "led2:A", "uno:3", "green", [ "v0" ] ],
    [ "led3:A", "uno:4", "green", [ "v0" ] ],
    [ "led5:A", "uno:5", "green", [ "v0" ] ],
    [ "led7:A", "uno:6", "green", [ "v0" ] ],
    [ "led8:A", "uno:7", "green", [ "v0" ] ],
    [ "led4:A", "uno:8", "green", [ "v0" ] ],
    [ "led6:A", "uno:9", "green", [ "v0" ] ],
    [ "led9:A", "uno:10", "green", [ "v0" ] ],
    [ "led5:C", "uno:GND.1", "green", [ "v0" ] ],
    [ "led7:C", "uno:GND.1", "green", [ "v0" ] ],
    [ "led8:C", "uno:GND.1", "green", [ "v0" ] ],
    [ "led1:C", "uno:GND.1", "green", [ "v0" ] ],
    [ "led2:C", "uno:GND.1", "green", [ "v0" ] ],
    [ "led3:C", "uno:GND.1", "green", [ "v0" ] ],
    [ "led4:C", "uno:GND.1", "green", [ "v0" ] ],
    [ "led6:C", "uno:GND.1", "green", [ "v0" ] ],
    [ "led9:C", "uno:GND.1", "green", [ "v0" ] ]
  ],
  "dependencies": {}
}